student@student-OptiPlex-3020:~/Desktop$ mysql -h 10.10.15.233 -u te31282 -p
Enter password: 
Welcome to the MySQL monitor.  Commands end with ; or \g.
Your MySQL connection id is 107
Server version: 5.5.43-MariaDB MariaDB Server

Copyright (c) 2000, 2023, Oracle and/or its affiliates.

Oracle is a registered trademark of Oracle Corporation and/or its
affiliates. Other names may be trademarks of their respective
owners.

Type 'help;' or '\h' for help. Type '\c' to clear the current input statement.

mysql> use te31282db;
Reading table information for completion of table and column names
You can turn off this feature to get a quicker startup with -A

Database changed
mysql> delimiter //

mysql> create table area(radius double, area double)//
Query OK, 0 rows affected (0.05 sec)

mysql> create procedure tcir(in radius real)
    -> begin
    -> DECLARE out_of_bounds CONDITION FOR SQLSTATE '22012';
    -> DECLARE CONTINUE HANDLER FOR out_of_bounds 
    -> RESIGNAL SET MESSAGE_TEXT = 'radius out of range';
    -> if (radius between 4 and 9) then
    -> insert into area(radius, area) values (radius, radius * radius * 3.14);
    -> set radius = radius * radius * 3.14;
    -> select radius as area;
    -> else
    -> SIGNAL out_of_bounds;
    -> end if;
    -> end
    -> //
Query OK, 0 rows affected (0.00 sec)

mysql> 
mysql> call tcir(4.5)//
+--------+
| area   |
+--------+
| 63.585 |
+--------+
1 row in set (0.02 sec)

Query OK, 0 rows affected (0.02 sec)

mysql> call tcir(9.5)//
ERROR 1644 (22012): radius out of range
mysql> call tcir(-9.5)//
ERROR 1644 (22012): radius out of range
mysql> select * from area//
+--------+--------+
| radius | area   |
+--------+--------+
|    4.5 | 63.585 |
+--------+--------+
1 row in set (0.00 sec)

mysql> create procedure tdf(in tdy date, in ltd date)
    -> begin
    -> declare days int;
    -> 
    -> DECLARE out_of_bounds CONDITION FOR SQLSTATE '22012';
    -> DECLARE CONTINUE HANDLER FOR out_of_bounds 
    -> RESIGNAL SET MESSAGE_TEXT = 'days negative';
    -> 
    -> set days = DATEDIFF(tdy, ltd);
    -> if (days < 30 and days > 15) then
    -> select  5 * days as "Amount";
    -> elseif(days > 30) then
    -> select  5 * (days % 30) + 50 * (days -30) as "Over Amount";
    -> else 
    -> SIGNAL out_of_bounds;
    -> end if;
    -> Select days as "days";
    -> end//
Query OK, 0 rows affected (0.00 sec)

mysql> 
mysql> call tdf('2003/09/27', '2003/10/10')//
ERROR 1644 (22012): days negative
mysql> call tdf('2003/09/27', '2003/1/10')//
+-------------+
| Over Amount |
+-------------+
|       11600 |
+-------------+
1 row in set (0.00 sec)

+------+
| days |
+------+
|  260 |
+------+
1 row in set (0.00 sec)

Query OK, 0 rows affected (0.00 sec)

mysql> call tdf('2003/09/27', '2003/9/10')//
+--------+
| Amount |
+--------+
|     85 |
+--------+
1 row in set (0.00 sec)

+------+
| days |
+------+
|   17 |
+------+
1 row in set (0.00 sec)

Query OK, 0 rows affected (0.00 sec)

mysql> 
